,id,max_light,min_light,mean_light,median_light,std_light,Cluster,Access to water,Access to electricity,Acess to cellphone,Education completed,Wealth Index Factor Score,hiv blood test result,latitude,longitude,geometry
0,1.0,62.0,12.0,39.14,39.0,14.754673835771499,1,16006,16.0,20.0,113.0,0.93947,1,-3.3685,29.362185999999998,POINT (29.362186 -3.3685)
1,2.0,0.0,0.0,0.0,0.0,0.0,2,535,0.0,3.0,33.0,-0.43773999999999996,0,-3.816132,29.963905,POINT (29.963905 -3.816132)
2,3.0,0.0,0.0,0.0,0.0,0.0,3,372,0.0,2.0,32.0,-0.35663,1,-2.505578,30.258659,POINT (30.258659 -2.505578)
3,4.0,8.0,0.0,0.76,0.0,2.2852570971337114,4,802,1.0,1.0,24.0,-0.44414499999999996,0,-3.428142,30.257026,POINT (30.257026 -3.428142)
4,5.0,0.0,0.0,0.0,0.0,0.0,5,801,0.0,2.0,29.0,-0.49849499999999997,0,-3.7581300000000004,30.310477000000002,POINT (30.310477 -3.75813)
5,6.0,7.0,0.0,0.44,0.0,1.60822883943797,6,1474,0.0,4.0,60.0,-0.32234,0,-3.9842769999999996,30.132248999999998,POINT (30.132249 -3.984277)
6,7.0,0.0,0.0,0.0,0.0,0.0,7,578,0.0,1.0,51.0,-0.50541,0,-3.034616,29.484857,POINT (29.484857 -3.034616)
7,8.0,0.0,0.0,0.0,0.0,0.0,8,1691,0.0,7.0,154.0,-0.336985,0,-3.143761,30.565269,POINT (30.565269 -3.143761)
8,9.0,0.0,0.0,0.0,0.0,0.0,9,22976,0.0,0.0,159.0,-0.33388,0,-3.422767,30.381834,POINT (30.381834 -3.422767)
9,10.0,0.0,0.0,0.0,0.0,0.0,10,735,0.0,7.0,68.0,-0.31114,0,-3.211953,29.671818,POINT (29.671818 -3.211953)
10,11.0,47.0,0.0,10.57,7.0,11.701499903858478,11,1376,2.0,12.0,110.0,0.5271899999999999,1,-3.450868,29.359809999999996,POINT (29.35981 -3.450868)
11,12.0,0.0,0.0,0.0,0.0,0.0,12,2700,12.0,11.0,129.0,-0.004894999999999997,1,-3.204809,29.776477000000003,POINT (29.776477 -3.204809)
12,13.0,0.0,0.0,0.0,0.0,0.0,13,585,0.0,0.0,49.0,-0.4734,0,-3.7011339999999997,30.08747,POINT (30.08747 -3.701134)
13,14.0,0.0,0.0,0.0,0.0,0.0,14,1846,0.0,3.0,141.0,-0.39073,0,-4.171279,29.883384000000003,POINT (29.883384 -4.171279)
14,15.0,0.0,0.0,0.0,0.0,0.0,15,2790,0.0,1.0,50.0,-0.446935,1,-3.2936690000000004,29.520090000000003,POINT (29.52009 -3.293669)
15,16.0,62.0,0.0,25.66,19.0,18.66345091348328,16,23904,23.0,24.0,280.0,2.28797,2,-3.4205160000000006,29.370983000000003,POINT (29.370983 -3.420516000000001)
16,17.0,0.0,0.0,0.0,0.0,0.0,17,681,4.0,12.0,119.0,-0.27454,2,-2.8647,29.701814000000002,POINT (29.701814 -2.8647)
17,18.0,0.0,0.0,0.0,0.0,0.0,18,1536,0.0,0.0,131.0,-0.42367,0,-3.1659650000000004,30.423372999999998,POINT (30.423373 -3.165965)
18,19.0,20.0,0.0,5.14,0.0,5.981672007056222,19,1623,3.0,9.0,124.0,0.54259,0,-3.4550160000000005,29.925565000000002,POINT (29.925565 -3.455016000000001)
19,20.0,0.0,0.0,0.0,0.0,0.0,20,2754,0.0,1.0,55.0,-0.368465,0,-3.555017,29.718658,POINT (29.718658 -3.555017)
20,21.0,7.0,0.0,1.26,0.0,2.5283196000505943,21,3942,22.0,22.0,289.0,2.341025,8,-4.031215,30.138494,POINT (30.138494 -4.031215)
21,22.0,0.0,0.0,0.0,0.0,0.0,22,770,0.0,1.0,41.0,-0.463145,1,-2.863757,30.096235999999998,POINT (30.096236 -2.863757)
22,23.0,0.0,0.0,0.0,0.0,0.0,23,2343,0.0,1.0,43.0,-0.36496999999999996,0,-2.628325,30.357823,POINT (30.357823 -2.628325)
23,24.0,0.0,0.0,0.0,0.0,0.0,24,653,0.0,3.0,69.0,-0.5387350000000001,1,-3.249779,29.746648999999998,POINT (29.746649 -3.249779)
24,25.0,0.0,0.0,0.0,0.0,0.0,25,414,0.0,3.0,53.0,-0.30227000000000004,1,-3.1786830000000004,30.683192,POINT (30.683192 -3.178683)
25,26.0,0.0,0.0,0.0,0.0,0.0,26,1480,0.0,1.0,32.0,-0.35488000000000003,0,-3.852615,30.132445,POINT (30.132445 -3.852615)
26,27.0,0.0,0.0,0.0,0.0,0.0,27,677,0.0,0.0,41.0,-0.44127,0,-3.169697,29.738977000000002,POINT (29.738977 -3.169697)
27,28.0,0.0,0.0,0.0,0.0,0.0,28,6074,2.0,6.0,91.0,-0.093225,0,-4.318368,29.614659999999997,POINT (29.61466 -4.318368)
28,29.0,0.0,0.0,0.0,0.0,0.0,29,3455,0.0,2.0,114.0,-0.366525,1,-2.8920150000000002,29.304608,POINT (29.304608 -2.892015)
29,30.0,0.0,0.0,0.0,0.0,0.0,30,6474,4.0,10.0,213.0,0.05866,0,-3.052591,30.565414,POINT (30.565414 -3.052591)
30,31.0,0.0,0.0,0.0,0.0,0.0,31,457,0.0,0.0,213.0,-0.518195,0,-3.2859,30.773201,POINT (30.773201 -3.2859)
31,32.0,0.0,0.0,0.0,0.0,0.0,32,203,0.0,3.0,240.0,-0.43586,0,-3.188936,29.343944,POINT (29.343944 -3.188936)
32,33.0,62.0,6.0,25.84,17.0,19.287156348202288,33,6513,8.0,19.0,164.0,0.45823,2,-3.343654,29.383446999999997,POINT (29.383447 -3.343654)
33,34.0,0.0,0.0,0.0,0.0,0.0,34,1293,0.0,1.0,129.0,-0.247075,0,-3.966379,29.78955,POINT (29.78955 -3.966379)
34,35.0,9.0,0.0,2.2,0.0,3.3346664001066126,35,890,0.0,12.0,76.0,-0.23317,3,-3.9722470000000003,29.434198,POINT (29.434198 -3.972247)
35,36.0,0.0,0.0,0.0,0.0,0.0,36,617,0.0,2.0,45.0,-0.45769,0,-3.03802,29.327053000000003,POINT (29.327053 -3.03802)
36,37.0,0.0,0.0,0.0,0.0,0.0,37,4529,6.0,6.0,94.0,-0.272995,1,-2.843538,29.613515999999997,POINT (29.613516 -2.843538)
37,38.0,0.0,0.0,0.0,0.0,0.0,38,689,0.0,3.0,94.0,-0.39296,1,-3.338336,29.651864,POINT (29.651864 -3.338336)
38,39.0,0.0,0.0,0.0,0.0,0.0,39,5403,0.0,4.0,33.0,-0.4362,0,-4.310512999999999,29.607802000000003,POINT (29.607802 -4.310512999999999)
39,40.0,0.0,0.0,0.0,0.0,0.0,40,941,0.0,0.0,40.0,-0.38167,0,-2.674502,30.342901,POINT (30.342901 -2.674502)
40,41.0,0.0,0.0,0.0,0.0,0.0,41,760,0.0,8.0,47.0,-0.3564,0,-4.349491,29.63328,POINT (29.63328 -4.349491)
41,42.0,12.0,0.0,3.08,0.0,4.253657249943864,42,577,0.0,2.0,50.0,-0.39382,0,-2.89784,29.838089,POINT (29.838089 -2.89784)
42,43.0,0.0,0.0,0.0,0.0,0.0,43,660,0.0,1.0,22.0,-0.50272,0,-2.822788,29.916724,POINT (29.916724 -2.822788)
43,44.0,0.0,0.0,0.0,0.0,0.0,44,510,0.0,3.0,47.0,-0.40938,0,-3.516663,30.478754,POINT (30.478754 -3.516663)
44,45.0,59.0,0.0,13.06,7.0,15.647888036409261,45,384,0.0,15.0,74.0,-0.09498999999999999,1,-3.428866,29.397428,POINT (29.397428 -3.428866)
45,46.0,7.0,0.0,0.14,0.0,0.9799999999999996,46,2520,2.0,13.0,80.0,-0.31554000000000004,0,-3.2530799999999997,29.407674,POINT (29.407674 -3.25308)
46,47.0,0.0,0.0,0.0,0.0,0.0,47,600,0.0,3.0,73.0,-0.353145,1,-3.288582,30.572615999999996,POINT (30.572616 -3.288582)
47,48.0,0.0,0.0,0.0,0.0,0.0,48,655,0.0,1.0,115.0,-0.49298000000000003,0,-3.069024,29.952594,POINT (29.952594 -3.069024)
48,49.0,0.0,0.0,0.0,0.0,0.0,49,628,0.0,0.0,31.0,-0.53584,0,-3.195179,29.791246,POINT (29.791246 -3.195179)
49,50.0,0.0,0.0,0.0,0.0,0.0,50,523,0.0,1.0,56.0,-0.46757,0,-3.797085,30.217985,POINT (30.217985 -3.797085)
50,51.0,62.0,10.0,39.9,41.0,14.398263784220651,51,21917,22.0,20.0,274.0,2.2745900000000003,2,-3.373132,29.367488,POINT (29.367488 -3.373132)
51,52.0,0.0,0.0,0.0,0.0,0.0,52,605,0.0,1.0,6.0,-0.50739,0,-3.2144909999999998,30.106917,POINT (30.106917 -3.214491)
52,53.0,0.0,0.0,0.0,0.0,0.0,53,985,0.0,0.0,40.0,-0.48222,0,-2.627043,30.250851,POINT (30.250851 -2.627043)
53,54.0,20.0,0.0,6.49,7.0,5.754120262907267,54,17933,13.0,12.0,105.0,1.2589,4,-3.4204769999999995,29.927733,POINT (29.927733 -3.420477)
54,55.0,0.0,0.0,0.0,0.0,0.0,55,352,0.0,3.0,44.0,-0.506165,0,-2.8145689999999997,29.951075,POINT (29.951075 -2.814569)
55,56.0,62.0,6.0,34.57,37.0,18.99381741514854,56,23904,22.0,22.0,252.0,2.00749,2,-3.3796769999999996,29.382047999999998,POINT (29.382048 -3.379677)
56,57.0,62.0,12.0,39.14,39.0,14.754673835771499,57,12998,23.0,20.0,129.0,1.0860299999999998,2,-3.370546,29.355856,POINT (29.355856 -3.370546)
57,58.0,0.0,0.0,0.0,0.0,0.0,58,484,0.0,0.0,139.0,-0.48311,0,-3.190236,30.430744,POINT (30.430744 -3.190236)
58,59.0,0.0,0.0,0.0,0.0,0.0,59,928,0.0,1.0,35.0,-0.51951,0,-2.570924,29.999025,POINT (29.999025 -2.570924)
59,60.0,54.0,0.0,14.1,9.0,13.910787181177062,60,1781,1.0,13.0,157.0,0.051245000000000006,1,-3.438626,29.366607000000002,POINT (29.366607 -3.438626)
60,61.0,62.0,7.0,33.15,33.5,17.970740107185346,61,18947,19.0,19.0,208.0,1.76527,0,-3.3467480000000003,29.364026000000003,POINT (29.364026 -3.346748)
61,62.0,41.0,0.0,7.64,6.0,9.41543413762743,62,2487,0.0,16.0,177.0,0.40121,1,-3.457861,29.355456,POINT (29.355456 -3.457861)
62,63.0,62.0,7.0,37.98,40.5,16.49968484547508,63,22908,20.0,21.0,322.0,1.90487,1,-3.372531,29.372444,POINT (29.372444 -3.372531)
63,64.0,61.0,6.0,25.21,18.0,18.05341795893509,64,6134,10.0,15.0,107.0,0.45688,2,-3.331232,29.367065999999998,POINT (29.367066 -3.331232)
64,65.0,6.0,0.0,0.06,0.0,0.596992462263972,65,556,0.0,8.0,88.0,-0.279625,1,-2.974585,29.771590000000003,POINT (29.77159 -2.974585)
65,66.0,0.0,0.0,0.0,0.0,0.0,66,625,0.0,3.0,62.0,-0.32277,1,-4.356537,29.816340999999998,POINT (29.816341 -4.356537)
66,67.0,0.0,0.0,0.0,0.0,0.0,67,3064,0.0,2.0,8.0,-0.47308,1,-3.012963,30.009693,POINT (30.009693 -3.012963)
67,68.0,0.0,0.0,0.0,0.0,0.0,68,1553,0.0,5.0,61.0,-0.419295,0,-3.506481,29.597921000000003,POINT (29.597921 -3.506481)
68,69.0,8.0,0.0,1.18,0.0,2.5352711886502393,69,1000,0.0,0.0,34.0,-0.45593,0,-2.949084,29.634147,POINT (29.634147 -2.949084)
69,70.0,0.0,0.0,0.0,0.0,0.0,70,5258,4.0,7.0,109.0,-0.07783000000000001,3,-3.1978619999999998,29.63731,POINT (29.63731 -3.197862)
70,71.0,0.0,0.0,0.0,0.0,0.0,71,1370,0.0,12.0,134.0,0.21821,4,-3.647022,30.345834999999997,POINT (30.345835 -3.647022)
71,72.0,0.0,0.0,0.0,0.0,0.0,72,680,0.0,0.0,52.0,-0.41112,0,-3.6756900000000003,29.922316,POINT (29.922316 -3.67569)
72,73.0,0.0,0.0,0.0,0.0,0.0,73,1028,0.0,5.0,128.0,-0.412745,0,-3.2739,29.613241,POINT (29.613241 -3.2739)
73,74.0,0.0,0.0,0.0,0.0,0.0,74,638,0.0,4.0,43.0,-0.3839,0,-3.526982,30.447906,POINT (30.447906 -3.526982)
74,75.0,6.0,0.0,0.18,0.0,1.023523326553919,75,1535,0.0,12.0,83.0,-0.1619,0,-4.270205000000001,29.736814000000003,POINT (29.736814 -4.270205000000001)
75,76.0,0.0,0.0,0.0,0.0,0.0,76,583,0.0,4.0,160.0,-0.4646,1,-3.17665,30.707319000000002,POINT (30.707319 -3.17665)
76,77.0,61.0,0.0,19.91,11.0,17.957781043324925,77,5177,4.0,19.0,130.0,0.36483499999999996,2,-3.332535,29.38968,POINT (29.38968 -3.332535)
77,78.0,0.0,0.0,0.0,0.0,0.0,78,676,0.0,3.0,49.0,-0.42058500000000004,0,-3.485963,29.827484000000002,POINT (29.827484 -3.485963)
78,79.0,0.0,0.0,0.0,0.0,0.0,79,273,0.0,1.0,50.0,-0.38761,0,-3.6888739999999998,29.410621999999996,POINT (29.410622 -3.688874)
79,80.0,0.0,0.0,0.0,0.0,0.0,80,581,0.0,3.0,255.0,-0.41746000000000005,0,-2.631367,29.194335,POINT (29.194335 -2.631367)
80,81.0,62.0,0.0,25.51,18.0,19.613513198812697,81,22914,23.0,23.0,401.0,4.7367,1,-3.368314,29.397277000000003,POINT (29.397277 -3.368314)
81,82.0,0.0,0.0,0.0,0.0,0.0,82,1531,1.0,3.0,45.0,-0.425145,0,-2.988881,29.439676000000002,POINT (29.439676 -2.988881)
82,83.0,14.0,0.0,1.84,0.0,3.6543672502910822,83,915,0.0,6.0,59.0,-0.35994,0,-3.4407080000000003,29.866162,POINT (29.866162 -3.440708)
83,84.0,18.0,0.0,2.65,0.0,4.716725559114076,84,660,0.0,2.0,27.0,-0.35715,0,-3.471908,29.906816,POINT (29.906816 -3.471908)
84,85.0,0.0,0.0,0.0,0.0,0.0,85,1367,0.0,3.0,41.0,-0.469455,0,-2.645117,29.175556,POINT (29.175556 -2.645117)
85,86.0,0.0,0.0,0.0,0.0,0.0,86,855,0.0,1.0,124.0,-0.5131100000000001,0,-2.893843,29.286806,POINT (29.286806 -2.893843)
86,87.0,0.0,0.0,0.0,0.0,0.0,87,2837,0.0,1.0,122.0,-0.50343,0,-3.035154,29.638761,POINT (29.638761 -3.035154)
87,88.0,0.0,0.0,0.0,0.0,0.0,88,900,0.0,4.0,35.0,-0.37988,0,-3.6150849999999997,29.349377,POINT (29.349377 -3.615085)
88,89.0,0.0,0.0,0.0,0.0,0.0,89,730,1.0,0.0,35.0,-0.43391,0,-3.0322299999999998,29.82248,POINT (29.82248 -3.03223)
89,90.0,0.0,0.0,0.0,0.0,0.0,90,2441,0.0,5.0,58.0,-0.32668,2,-3.4570529999999997,29.58085,POINT (29.58085 -3.457053)
90,91.0,7.0,0.0,1.1,0.0,2.35159520326097,91,1415,0.0,1.0,23.0,-0.4028,0,-2.570128,30.081661999999998,POINT (30.081662 -2.570128)
91,92.0,0.0,0.0,0.0,0.0,0.0,92,535,0.0,0.0,42.0,-0.43135,0,-3.291576,30.614092,POINT (30.614092 -3.291576)
92,93.0,0.0,0.0,0.0,0.0,0.0,93,1090,0.0,3.0,43.0,-0.479325,0,-2.496277,30.378775,POINT (30.378775 -2.496277)
93,94.0,11.0,0.0,2.3,0.0,3.4365680554879163,94,475,0.0,11.0,59.0,-0.08773500000000001,1,-3.2723400000000002,29.380737,POINT (29.380737 -3.27234)
94,95.0,0.0,0.0,0.0,0.0,0.0,95,884,0.0,3.0,32.0,-0.54191,0,-3.2269959999999998,29.812703999999997,POINT (29.812704 -3.226996)
95,96.0,0.0,0.0,0.0,0.0,0.0,96,353,0.0,1.0,49.0,-0.48141999999999996,0,-3.0774619999999997,30.793347999999998,POINT (30.793348 -3.077462)
96,97.0,7.0,0.0,0.13,0.0,0.9127431182978046,97,394,0.0,0.0,2.0,-0.50455,0,-2.978119,29.581134999999996,POINT (29.581135 -2.978119)
97,98.0,0.0,0.0,0.0,0.0,0.0,98,1528,0.0,1.0,38.0,-0.5019399999999999,0,-3.0286169999999997,30.678537,POINT (30.678537 -3.028617)
98,99.0,0.0,0.0,0.0,0.0,0.0,99,579,0.0,6.0,41.0,-0.40233,0,-2.999794,29.660952,POINT (29.660952 -2.999794)
99,100.0,0.0,0.0,0.0,0.0,0.0,100,580,0.0,2.0,227.0,-0.53277,0,-3.5464309999999997,29.936885999999998,POINT (29.936886 -3.546431)
100,101.0,0.0,0.0,0.0,0.0,0.0,101,1451,0.0,6.0,64.0,-0.449545,1,-3.2227799999999998,29.605590000000003,POINT (29.60559 -3.22278)
101,102.0,0.0,0.0,0.0,0.0,0.0,102,745,0.0,2.0,49.0,-0.55878,0,-2.740447,29.997493,POINT (29.997493 -2.740447)
102,103.0,6.0,0.0,0.24,0.0,1.1757550765359257,103,965,0.0,3.0,119.0,-0.48894,0,-3.047145,29.4341,POINT (29.4341 -3.047145)
103,104.0,62.0,6.0,27.93,22.0,19.056891142051477,104,16036,16.0,24.0,282.0,1.1339,1,-3.3396449999999995,29.376413,POINT (29.376413 -3.339645)
104,105.0,62.0,0.0,22.37,13.5,19.27311858522123,105,21912,22.0,22.0,360.0,3.944015,0,-3.3529419999999996,29.400305,POINT (29.400305 -3.352942)
105,106.0,0.0,0.0,0.0,0.0,0.0,106,675,0.0,2.0,51.0,-0.47225,0,-2.979899,30.018247,POINT (30.018247 -2.979899)
106,107.0,0.0,0.0,0.0,0.0,0.0,107,1971,1.0,3.0,72.0,-0.42123999999999995,0,-2.441159,30.470714,POINT (30.470714 -2.441159)
107,108.0,0.0,0.0,0.0,0.0,0.0,108,1568,0.0,1.0,88.0,-0.36983,0,-3.322047,30.442401,POINT (30.442401 -3.322047)
108,109.0,0.0,0.0,0.0,0.0,0.0,109,4319,2.0,10.0,47.0,-0.10645,0,-3.885503,29.727774,POINT (29.727774 -3.885503)
109,110.0,0.0,0.0,0.0,0.0,0.0,110,1629,0.0,0.0,34.0,-0.48845,0,-3.0563830000000003,29.872787,POINT (29.872787 -3.056383)
110,111.0,7.0,0.0,1.34,0.0,2.6085244871382756,111,14102,13.0,20.0,380.0,1.11915,0,-3.233299,30.551462,POINT (30.551462 -3.233299)
111,112.0,57.0,0.0,15.72,9.0,13.822503391209569,112,430,18.0,11.0,73.0,-0.022580000000000003,0,-3.3455769999999996,29.307865000000003,POINT (29.307865 -3.345577)
112,113.0,0.0,0.0,0.0,0.0,0.0,113,1108,0.0,6.0,81.0,-0.370635,0,-3.5150099999999997,29.797828000000003,POINT (29.797828 -3.51501)
113,114.0,7.0,0.0,0.67,0.0,1.9081666593880104,114,675,0.0,1.0,41.0,-0.453765,0,-3.077086,30.144585,POINT (30.144585 -3.077086)
114,115.0,0.0,0.0,0.0,0.0,0.0,115,740,0.0,4.0,29.0,-0.3544,0,-3.481388,29.802432,POINT (29.802432 -3.481388)
115,116.0,6.0,0.0,0.18,0.0,1.0235233265539192,116,583,0.0,1.0,23.0,-0.48107,0,-2.644918,30.097309999999997,POINT (30.09731 -2.644918)
116,117.0,0.0,0.0,0.0,0.0,0.0,117,270,0.0,4.0,47.0,-0.30677,0,-2.703391,29.071784,POINT (29.071784 -2.703391)
117,118.0,59.0,0.0,14.99,9.0,16.001559299018332,118,547,0.0,11.0,56.0,-0.26710500000000004,0,-3.35543,29.418301,POINT (29.418301 -3.35543)
118,119.0,0.0,0.0,0.0,0.0,0.0,119,730,0.0,3.0,54.0,-0.47754,0,-3.479885,29.844858000000002,POINT (29.844858 -3.479885)
119,120.0,0.0,0.0,0.0,0.0,0.0,120,552,0.0,1.0,35.0,-0.37268,0,-2.770956,30.156978999999996,POINT (30.156979 -2.770956)
120,121.0,6.0,0.0,0.3,0.0,1.3076696830622025,121,707,0.0,12.0,89.0,-0.06657,0,-2.792574,29.086009999999998,POINT (29.08601 -2.792574)
121,122.0,0.0,0.0,0.0,0.0,0.0,122,3393,0.0,4.0,81.0,-0.30156,0,-4.347309,29.679156,POINT (29.679156 -4.347309)
122,123.0,50.0,0.0,8.87,6.0,11.895087221201871,123,655,0.0,10.0,69.0,-0.18064000000000002,0,-3.396674,29.422846999999997,POINT (29.422847 -3.396674)
123,124.0,0.0,0.0,0.0,0.0,0.0,124,1980,0.0,0.0,19.0,-0.42407,0,-3.0289669999999997,30.066553999999996,POINT (30.066554 -3.028967)
124,125.0,0.0,0.0,0.0,0.0,0.0,125,895,0.0,1.0,42.0,-0.49405,0,-3.376386,30.614438,POINT (30.614438 -3.376386)
125,126.0,9.0,0.0,0.69,0.0,2.1009283662228944,126,2107,0.0,7.0,67.0,-0.41189,0,-2.835816,29.105303999999997,POINT (29.105304 -2.835816)
126,127.0,8.0,0.0,0.41,0.0,1.6315330214249422,127,477,0.0,6.0,51.0,-0.3629,1,-2.968931,29.661465000000003,POINT (29.661465 -2.968931)
127,128.0,0.0,0.0,0.0,0.0,0.0,128,707,0.0,0.0,9.0,-0.33061,0,-4.069657,29.935331,POINT (29.935331 -4.069657)
128,129.0,0.0,0.0,0.0,0.0,0.0,129,1392,0.0,3.0,37.0,-0.35069,0,-4.0331779999999995,29.718379,POINT (29.718379 -4.033177999999999)
129,130.0,0.0,0.0,0.0,0.0,0.0,130,855,0.0,6.0,64.0,-0.5148149999999999,0,-3.236126,29.604389,POINT (29.604389 -3.236126)
130,131.0,0.0,0.0,0.0,0.0,0.0,131,895,0.0,1.0,34.0,-0.5285,0,-3.161752,29.747181,POINT (29.747181 -3.161752)
131,132.0,0.0,0.0,0.0,0.0,0.0,132,540,0.0,2.0,49.0,-0.40948,1,-3.821289,30.026889,POINT (30.026889 -3.821289)
132,133.0,0.0,0.0,0.0,0.0,0.0,133,835,0.0,0.0,51.0,-0.49132,1,-2.84668,30.200345000000002,POINT (30.200345 -2.84668)
133,134.0,0.0,0.0,0.0,0.0,0.0,134,298,0.0,0.0,45.0,-0.40214,0,-3.1625919999999996,30.213434000000003,POINT (30.213434 -3.162592)
134,135.0,0.0,0.0,0.0,0.0,0.0,135,3960,0.0,6.0,44.0,-0.315925,0,-2.465934,30.230809999999998,POINT (30.23081 -2.465934)
135,136.0,0.0,0.0,0.0,0.0,0.0,136,1411,1.0,7.0,55.0,-0.23459000000000002,0,-4.047642,29.739234000000003,POINT (29.739234 -4.047642)
136,137.0,7.0,0.0,0.8,0.0,2.073644135332772,137,6544,6.0,15.0,186.0,0.38049,1,-3.9223779999999997,29.990647999999997,POINT (29.990648 -3.922378)
137,138.0,0.0,0.0,0.0,0.0,0.0,138,659,0.0,2.0,51.0,-0.350325,0,-3.69625,29.688165,POINT (29.688165 -3.69625)
138,139.0,0.0,0.0,0.0,0.0,0.0,139,1771,1.0,6.0,80.0,-0.422365,2,-3.335516,29.69486,POINT (29.69486 -3.335516)
139,140.0,0.0,0.0,0.0,0.0,0.0,140,830,0.0,1.0,4.0,-0.551185,0,-2.979381,29.369063,POINT (29.369063 -2.979381)
140,141.0,0.0,0.0,0.0,0.0,0.0,141,955,0.0,0.0,32.0,-0.48903,0,-2.983232,30.127868,POINT (30.127868 -2.983232)
141,142.0,0.0,0.0,0.0,0.0,0.0,142,535,0.0,1.0,91.0,-0.42638000000000004,0,-3.332871,30.400775,POINT (30.400775 -3.332871)
142,143.0,0.0,0.0,0.0,0.0,0.0,143,208,0.0,1.0,46.0,-0.425775,0,-3.113575,29.523595,POINT (29.523595 -3.113575)
143,144.0,0.0,0.0,0.0,0.0,0.0,144,818,0.0,0.0,42.0,-0.50516,0,-3.042817,30.783979,POINT (30.783979 -3.042817)
144,145.0,9.0,0.0,2.02,0.0,3.2862744864055413,145,1638,6.0,16.0,141.0,0.77142,1,-3.9691019999999995,29.455689000000003,POINT (29.455689 -3.969101999999999)
145,146.0,0.0,0.0,0.0,0.0,0.0,146,592,0.0,5.0,38.0,-0.5062300000000001,1,-3.005821,30.7093,POINT (30.7093 -3.005821)
146,147.0,0.0,0.0,0.0,0.0,0.0,147,1397,0.0,1.0,79.0,-0.39988,0,-3.3568629999999997,29.622887,POINT (29.622887 -3.356863)
147,148.0,0.0,0.0,0.0,0.0,0.0,148,408,0.0,0.0,24.0,-0.45947,0,-2.677969,30.059933,POINT (30.059933 -2.677969)
148,149.0,9.0,0.0,1.86,0.0,3.0984512260159915,149,11296,20.0,18.0,115.0,1.4707700000000001,2,-2.850893,30.328839000000002,POINT (30.328839 -2.850893)
149,150.0,0.0,0.0,0.0,0.0,0.0,150,775,0.0,0.0,130.0,-0.437715,0,-3.614523,30.035833,POINT (30.035833 -3.614523)
150,151.0,0.0,0.0,0.0,0.0,0.0,151,1530,0.0,0.0,37.0,-0.45166000000000006,1,-2.956052,30.26874,POINT (30.26874 -2.956052)
151,152.0,60.0,0.0,22.32,17.0,17.07271507405896,152,7138,12.0,22.0,198.0,1.183875,3,-3.4240449999999996,29.36657,POINT (29.36657 -3.424045)
152,153.0,0.0,0.0,0.0,0.0,0.0,153,780,0.0,4.0,30.0,-0.3942,0,-3.718208,30.066076000000002,POINT (30.066076 -3.718208)
153,154.0,61.0,6.0,22.05,15.0,16.89104792486245,154,300,0.0,7.0,67.0,0.06036,1,-3.330951,29.331852,POINT (29.331852 -3.330951)
154,155.0,0.0,0.0,0.0,0.0,0.0,155,726,1.0,4.0,35.0,-0.31768,0,-3.976806,29.885334999999998,POINT (29.885335 -3.976806)
155,156.0,62.0,0.0,25.87,20.5,18.54165850187086,156,21912,22.0,22.0,296.0,4.111415,1,-3.416087,29.350109999999997,POINT (29.35011 -3.416087)
156,157.0,0.0,0.0,0.0,0.0,0.0,157,750,0.0,2.0,34.0,-0.49123,0,-3.036493,29.728006,POINT (29.728006 -3.036493)
157,158.0,9.0,0.0,2.14,0.0,3.3196987815161787,158,326,3.0,13.0,171.0,0.13287000000000002,1,-3.955577,29.432716,POINT (29.432716 -3.955577)
158,159.0,62.0,0.0,30.66,29.5,19.829886535227576,159,16934,18.0,17.0,296.0,5.453145,1,-3.378821,29.388832,POINT (29.388832 -3.378821)
159,160.0,0.0,0.0,0.0,0.0,0.0,160,1025,0.0,3.0,46.0,-0.453575,0,-2.9059,29.263832,POINT (29.263832 -2.9059)
160,161.0,62.0,6.0,27.93,22.0,19.056891142051477,161,16076,16.0,21.0,210.0,1.47203,1,-3.344724,29.379153999999996,POINT (29.379154 -3.344724)
161,162.0,0.0,0.0,0.0,0.0,0.0,162,760,0.0,1.0,17.0,-0.42863,0,-3.395145,30.069399,POINT (30.069399 -3.395145)
162,163.0,9.0,0.0,1.86,0.0,3.0984512260159915,163,5720,8.0,14.0,128.0,0.709445,0,-2.8434220000000003,30.333655,POINT (30.333655 -2.843422)
163,164.0,0.0,0.0,0.0,0.0,0.0,164,363,0.0,1.0,34.0,-0.43988999999999995,1,-2.666644,30.073508,POINT (30.073508 -2.666644)
164,165.0,9.0,0.0,1.43,0.0,2.8922482604368525,165,549,0.0,5.0,59.0,-0.22904499999999997,0,-2.873165,30.355242999999998,POINT (30.355243 -2.873165)
165,166.0,0.0,0.0,0.0,0.0,0.0,166,1749,0.0,3.0,32.0,-0.49432,2,-2.993419,29.319823,POINT (29.319823 -2.993419)
166,167.0,0.0,0.0,0.0,0.0,0.0,167,892,0.0,2.0,16.0,-0.427285,0,-3.3775239999999997,29.780406,POINT (29.780406 -3.377524)
167,168.0,0.0,0.0,0.0,0.0,0.0,168,870,0.0,4.0,55.0,-0.5017149999999999,2,-3.3057839999999996,29.749373,POINT (29.749373 -3.305784)
168,169.0,0.0,0.0,0.0,0.0,0.0,169,923,0.0,0.0,30.0,-0.433205,0,-3.875259,30.191258,POINT (30.191258 -3.875259)
169,170.0,0.0,0.0,0.0,0.0,0.0,170,491,0.0,4.0,39.0,-0.43959499999999996,1,-3.449298,29.478534999999997,POINT (29.478535 -3.449298)
170,171.0,0.0,0.0,0.0,0.0,0.0,171,732,0.0,3.0,66.0,-0.41541000000000006,0,-4.057646,30.064870000000003,POINT (30.06487 -4.057646)
171,172.0,58.0,0.0,17.66,11.5,15.97261406282641,172,6052,1.0,15.0,278.0,0.484365,0,-3.4292830000000003,29.352086,POINT (29.352086 -3.429283)
172,173.0,0.0,0.0,0.0,0.0,0.0,173,776,0.0,1.0,37.0,-0.4035,0,-2.764704,30.192542,POINT (30.192542 -2.764704)
173,174.0,0.0,0.0,0.0,0.0,0.0,174,402,0.0,0.0,8.0,-0.42466000000000004,0,-3.223102,30.183446000000004,POINT (30.183446 -3.223102)
174,175.0,0.0,0.0,0.0,0.0,0.0,175,1425,0.0,2.0,46.0,-0.4552850000000001,0,-2.403793,30.406807,POINT (30.406807 -2.403793)
175,176.0,0.0,0.0,0.0,0.0,0.0,176,516,0.0,4.0,41.0,-0.27114,0,-4.053177,29.580370000000002,POINT (29.58037 -4.053177)
176,177.0,0.0,0.0,0.0,0.0,0.0,177,2410,0.0,4.0,23.0,-0.39715,0,-3.710491,29.628782,POINT (29.628782 -3.710491)
177,178.0,8.0,0.0,1.18,0.0,2.5352711886502393,178,480,9.0,3.0,249.0,-0.28002,0,-2.937357,29.614109999999997,POINT (29.61411 -2.937357)
178,179.0,0.0,0.0,0.0,0.0,0.0,179,357,0.0,0.0,28.0,-0.49353,2,-3.150234,29.580903999999997,POINT (29.580904 -3.150234)
179,180.0,0.0,0.0,0.0,0.0,0.0,180,598,0.0,3.0,46.0,-0.42745,0,-3.619379,30.36533,POINT (30.36533 -3.619379)
180,181.0,0.0,0.0,0.0,0.0,0.0,181,1620,0.0,2.0,39.0,-0.37753000000000003,0,-2.515902,30.1698,POINT (30.1698 -2.515902)
181,182.0,62.0,7.0,37.98,40.5,16.49968484547508,182,22908,23.0,22.0,313.0,2.34965,1,-3.373446,29.376802,POINT (29.376802 -3.373446)
182,183.0,0.0,0.0,0.0,0.0,0.0,183,1573,1.0,4.0,75.0,-0.47303999999999996,0,-2.622515,29.137595,POINT (29.137595 -2.622515)
183,184.0,7.0,0.0,1.1,0.0,2.3515952032609695,184,5345,25.0,15.0,178.0,1.12217,1,-2.584333,30.095340999999998,POINT (30.095341 -2.584333)
184,185.0,0.0,0.0,0.0,0.0,0.0,185,2120,0.0,5.0,89.0,-0.297175,0,-3.510677,29.656882,POINT (29.656882 -3.510677)
185,186.0,12.0,0.0,3.5,0.0,4.27668095606862,186,720,0.0,4.0,42.0,-0.42349,1,-2.920052,29.801540000000003,POINT (29.80154 -2.920052)
186,187.0,0.0,0.0,0.0,0.0,0.0,187,737,1.0,5.0,27.0,-0.42481,0,-4.132981,29.86491,POINT (29.86491 -4.132981)
187,188.0,0.0,0.0,0.0,0.0,0.0,188,1832,0.0,1.0,64.0,-0.4574,0,-3.3783269999999996,29.558117,POINT (29.558117 -3.378327)
188,189.0,9.0,0.0,2.5,0.0,3.681032463861192,189,7183,12.0,13.0,95.0,1.08623,0,-3.485821,30.244015,POINT (30.244015 -3.485821)
189,190.0,0.0,0.0,0.0,0.0,0.0,190,530,0.0,5.0,41.0,-0.406035,0,-3.5226349999999997,29.437718,POINT (29.437718 -3.522635)
190,191.0,0.0,0.0,0.0,0.0,0.0,191,3341,7.0,15.0,97.0,0.15375999999999998,0,-3.866582,29.40897,POINT (29.40897 -3.866582)
191,192.0,0.0,0.0,0.0,0.0,0.0,192,1307,0.0,1.0,42.0,-0.4268,0,-2.5279830000000003,30.096302,POINT (30.096302 -2.527983)
192,193.0,0.0,0.0,0.0,0.0,0.0,193,765,0.0,0.0,24.0,-0.47676,0,-3.658564,30.342376,POINT (30.342376 -3.658564)
193,194.0,59.0,0.0,19.39,11.5,16.771341627908008,194,2150,7.0,14.0,208.0,0.466575,2,-3.3250269999999995,29.373110999999998,POINT (29.373111 -3.325027)
194,195.0,59.0,0.0,21.25,14.5,16.648348266419706,195,3271,0.0,13.0,110.0,0.4525,3,-3.3272519999999997,29.359471000000003,POINT (29.359471 -3.327252)
195,196.0,6.0,0.0,0.6,0.0,1.8000000000000003,196,483,0.0,1.0,32.0,-0.465765,0,-3.09127,29.396459000000004,POINT (29.396459 -3.09127)
196,197.0,0.0,0.0,0.0,0.0,0.0,197,558,0.0,3.0,52.0,-0.541415,1,-3.291693,29.724976,POINT (29.724976 -3.291693)
197,198.0,0.0,0.0,0.0,0.0,0.0,198,552,0.0,1.0,53.0,-0.41533000000000003,2,-3.115174,30.253683000000002,POINT (30.253683 -3.115174)
198,199.0,0.0,0.0,0.0,0.0,0.0,199,722,0.0,2.0,139.0,-0.44806999999999997,0,-3.4491419999999997,29.769653,POINT (29.769653 -3.449142)
199,200.0,10.0,0.0,1.74,0.0,3.419415154671921,200,7195,11.0,12.0,255.0,0.59564,0,-2.895937,29.122711,POINT (29.122711 -2.895937)
200,201.0,0.0,0.0,0.0,0.0,0.0,201,2074,0.0,1.0,53.0,-0.42916499999999996,0,-3.9936879999999997,30.057555999999998,POINT (30.057556 -3.993688)
201,202.0,0.0,0.0,0.0,0.0,0.0,202,1565,0.0,2.0,70.0,-0.45111,0,-3.225059,30.692584999999998,POINT (30.692585 -3.225059)
202,203.0,7.0,0.0,0.8,0.0,2.073644135332772,203,1621,0.0,2.0,22.0,-0.50231,0,-2.6084490000000002,30.047313,POINT (30.047313 -2.608449)
203,204.0,8.0,0.0,1.18,0.0,2.5352711886502393,204,1736,10.0,10.0,106.0,0.1741,1,-2.918663,29.617922999999998,POINT (29.617923 -2.918663)
204,205.0,0.0,0.0,0.0,0.0,0.0,205,1862,0.0,0.0,30.0,-0.511425,0,-2.350381,30.401327000000002,POINT (30.401327 -2.350381)
205,206.0,62.0,0.0,23.23,14.0,19.151425534408663,206,5190,1.0,12.0,120.0,0.42731,3,-3.3453449999999996,29.395364,POINT (29.395364 -3.345345)
206,207.0,0.0,0.0,0.0,0.0,0.0,207,582,0.0,5.0,65.0,-0.35744000000000004,0,-3.123199,29.929533000000003,POINT (29.929533 -3.123199)
207,208.0,0.0,0.0,0.0,0.0,0.0,208,11089,15.0,17.0,251.0,1.68147,1,-3.509583,29.708583,POINT (29.708583 -3.509583)
208,209.0,0.0,0.0,0.0,0.0,0.0,209,611,0.0,1.0,31.0,-0.44327,0,-3.1257919999999997,29.999925,POINT (29.999925 -3.125792)
209,210.0,12.0,0.0,3.68,0.0,4.251776099467139,210,1498,1.0,9.0,71.0,-0.30207,0,-2.905014,29.811784999999997,POINT (29.811785 -2.905014)
210,211.0,0.0,0.0,0.0,0.0,0.0,211,1452,0.0,4.0,33.0,-0.39016,1,-3.23678,30.195996,POINT (30.195996 -3.23678)
211,212.0,9.0,0.0,1.89,0.0,3.1587814106075784,212,10289,7.0,18.0,144.0,1.82715,1,-4.11911,29.802601,POINT (29.802601 -4.11911)
212,213.0,0.0,0.0,0.0,0.0,0.0,213,719,0.0,2.0,45.0,-0.45801499999999995,0,-3.288176,29.706341,POINT (29.706341 -3.288176)
213,214.0,0.0,0.0,0.0,0.0,0.0,214,640,0.0,4.0,138.0,-0.45796000000000003,0,-3.6786559999999997,29.919246,POINT (29.919246 -3.678656)
214,215.0,0.0,0.0,0.0,0.0,0.0,215,474,0.0,3.0,32.0,-0.47946000000000005,0,-2.835999,29.767402,POINT (29.767402 -2.835999)
215,216.0,0.0,0.0,0.0,0.0,0.0,216,830,0.0,0.0,36.0,-0.5618700000000001,0,-2.895396,29.314694,POINT (29.314694 -2.895396)
216,217.0,0.0,0.0,0.0,0.0,0.0,217,1215,0.0,4.0,45.0,-0.48398,0,-2.957734,30.021862,POINT (30.021862 -2.957734)
217,218.0,61.0,0.0,17.23,9.0,17.344656237585106,218,6145,7.0,19.0,137.0,0.80047,0,-3.3371230000000005,29.400572999999998,POINT (29.400573 -3.337123000000001)
218,219.0,0.0,0.0,0.0,0.0,0.0,219,1634,0.0,6.0,270.0,-0.23373000000000002,0,-2.941704,29.226091999999998,POINT (29.226092 -2.941704)
219,220.0,0.0,0.0,0.0,0.0,0.0,220,1971,1.0,3.0,112.0,-0.33620500000000003,0,-3.386455,30.144399,POINT (30.144399 -3.386455)
220,221.0,7.0,0.0,0.67,0.0,1.9081666593880107,221,13967,13.0,16.0,166.0,1.6042649999999998,1,-3.094839,30.166465000000002,POINT (30.166465 -3.094839)
221,222.0,0.0,0.0,0.0,0.0,0.0,222,579,0.0,2.0,24.0,-0.3699,1,-3.819793,29.465263,POINT (29.465263 -3.819793)
222,223.0,7.0,0.0,1.22,0.0,2.5281613872535904,223,4549,13.0,20.0,263.0,1.33026,2,-3.219436,30.548868,POINT (30.548868 -3.219436)
223,224.0,0.0,0.0,0.0,0.0,0.0,224,602,0.0,2.0,33.0,-0.4067150000000001,2,-2.994389,29.915135,POINT (29.915135 -2.994389)
224,225.0,0.0,0.0,0.0,0.0,0.0,225,1031,0.0,1.0,48.0,-0.502275,0,-3.143898,29.837716999999998,POINT (29.837717 -3.143898)
225,226.0,6.0,0.0,0.6,0.0,1.8000000000000003,226,7405,19.0,20.0,215.0,1.29015,1,-3.081541,29.390704,POINT (29.390704 -3.081541)
226,227.0,0.0,0.0,0.0,0.0,0.0,227,958,0.0,7.0,56.0,-0.27760999999999997,0,-3.913556,29.50093,POINT (29.50093 -3.913556)
227,228.0,0.0,0.0,0.0,0.0,0.0,228,655,0.0,5.0,53.0,-0.34523000000000004,0,-3.089999,30.479791,POINT (30.479791 -3.089999)
228,229.0,0.0,0.0,0.0,0.0,0.0,229,1850,1.0,7.0,97.0,-0.40263000000000004,1,-2.971613,30.173453000000002,POINT (30.173453 -2.971613)
229,230.0,0.0,0.0,0.0,0.0,0.0,230,511,0.0,4.0,19.0,-0.44571000000000005,0,-3.6147730000000005,29.375338,POINT (29.375338 -3.614773)
230,231.0,0.0,0.0,0.0,0.0,0.0,231,684,0.0,1.0,29.0,-0.42151000000000005,0,-3.492682,30.11605,POINT (30.11605 -3.492682)
231,232.0,0.0,0.0,0.0,0.0,0.0,232,2055,0.0,0.0,22.0,-0.48141000000000006,2,-2.4449959999999997,30.021232,POINT (30.021232 -2.444996)
232,233.0,0.0,0.0,0.0,0.0,0.0,233,2009,0.0,0.0,39.0,-0.42072,0,-3.566611,30.256742,POINT (30.256742 -3.566611)
233,234.0,0.0,0.0,0.0,0.0,0.0,234,598,0.0,4.0,33.0,-0.446935,0,-3.2640119999999997,29.589384999999996,POINT (29.589385 -3.264012)
234,235.0,0.0,0.0,0.0,0.0,0.0,235,268,0.0,2.0,27.0,-0.41753999999999997,0,-3.3978660000000005,29.526568,POINT (29.526568 -3.397866)
235,236.0,0.0,0.0,0.0,0.0,0.0,236,541,0.0,0.0,36.0,-0.44598999999999994,0,-3.2644450000000003,29.990181,POINT (29.990181 -3.264445)
236,237.0,0.0,0.0,0.0,0.0,0.0,237,1943,0.0,9.0,63.0,-0.34181999999999996,0,-2.9993830000000004,29.320953000000003,POINT (29.320953 -2.999383)
237,238.0,0.0,0.0,0.0,0.0,0.0,238,573,0.0,3.0,172.0,-0.494065,0,-2.712798,29.259798999999997,POINT (29.259799 -2.712798)
238,239.0,0.0,0.0,0.0,0.0,0.0,239,537,0.0,6.0,70.0,-0.33601499999999995,2,-3.360087,29.508763000000002,POINT (29.508763 -3.360087)
239,240.0,0.0,0.0,0.0,0.0,0.0,240,287,0.0,3.0,26.0,-0.39564,0,-3.124352,30.222439,POINT (30.222439 -3.124352)
240,241.0,7.0,0.0,1.1,0.0,2.35159520326097,241,9269,10.0,17.0,184.0,1.262945,2,-2.574615,30.098178000000004,POINT (30.098178 -2.574615)
241,242.0,62.0,0.0,25.66,19.0,18.66345091348328,242,9926,18.0,23.0,165.0,1.7102400000000002,0,-3.415781,29.374934000000003,POINT (29.374934 -3.415781)
242,243.0,0.0,0.0,0.0,0.0,0.0,243,980,0.0,2.0,25.0,-0.46888,1,-2.358874,30.016911999999998,POINT (30.016912 -2.358874)
243,244.0,8.0,0.0,1.18,0.0,2.5352711886502393,244,10190,13.0,17.0,161.0,1.055955,3,-2.922005,29.614086999999998,POINT (29.614087 -2.922005)
244,245.0,0.0,0.0,0.0,0.0,0.0,245,1966,0.0,2.0,48.0,-0.5022300000000001,0,-2.6824169999999996,30.27192,POINT (30.27192 -2.682417)
245,246.0,0.0,0.0,0.0,0.0,0.0,246,715,0.0,4.0,59.0,-0.34151,1,-3.729704,30.068528000000004,POINT (30.068528 -3.729704)
246,247.0,0.0,0.0,0.0,0.0,0.0,247,1562,0.0,0.0,330.0,-0.47953,0,-3.7206839999999994,29.962497999999997,POINT (29.962498 -3.720683999999999)
247,248.0,0.0,0.0,0.0,0.0,0.0,248,589,0.0,1.0,39.0,-0.37811999999999996,0,-4.169887999999999,29.903765999999997,POINT (29.903766 -4.169887999999999)
248,249.0,12.0,0.0,2.39,0.0,4.049432058943574,249,16957,21.0,21.0,197.0,1.54498,5,-2.892984,29.846138,POINT (29.846138 -2.892984)
249,250.0,0.0,0.0,0.0,0.0,0.0,250,1275,0.0,3.0,58.0,-0.28286,0,-3.807935,29.457801,POINT (29.457801 -3.807935)
250,251.0,0.0,0.0,0.0,0.0,0.0,251,444,0.0,1.0,46.0,-0.45153000000000004,0,-2.966031,30.351339000000003,POINT (30.351339 -2.966031)
251,252.0,0.0,0.0,0.0,0.0,0.0,252,602,0.0,4.0,74.0,-0.38679,0,-4.147497,29.641933,POINT (29.641933 -4.147497)
252,253.0,9.0,0.0,1.12,0.0,2.601076700137849,253,1375,0.0,5.0,19.0,-0.3627,0,-2.8083720000000003,30.350908,POINT (30.350908 -2.808372)
253,254.0,0.0,0.0,0.0,0.0,0.0,254,1260,0.0,6.0,32.0,-0.37687,0,-3.590403,29.358356,POINT (29.358356 -3.590403)
254,255.0,7.0,0.0,0.67,0.0,1.9081666593880107,255,630,0.0,4.0,44.0,-0.42321000000000003,1,-3.112753,30.153340999999998,POINT (30.153341 -3.112753)
255,256.0,0.0,0.0,0.0,0.0,0.0,256,657,0.0,3.0,75.0,-0.376485,0,-3.284496,29.506403000000002,POINT (29.506403 -3.284496)
256,257.0,0.0,0.0,0.0,0.0,0.0,257,825,0.0,4.0,91.0,-0.3246,0,-2.840847,29.783886,POINT (29.783886 -2.840847)
257,258.0,0.0,0.0,0.0,0.0,0.0,258,545,0.0,0.0,29.0,-0.446535,0,-3.1969540000000003,30.068695,POINT (30.068695 -3.196954)
258,259.0,0.0,0.0,0.0,0.0,0.0,259,875,0.0,1.0,116.0,-0.46806000000000003,0,-2.885925,29.541567999999998,POINT (29.541568 -2.885925)
259,260.0,0.0,0.0,0.0,0.0,0.0,260,2725,1.0,5.0,518.0,-0.37393000000000004,0,-4.1016900000000005,30.068192,POINT (30.068192 -4.101690000000001)
260,261.0,0.0,0.0,0.0,0.0,0.0,261,260,0.0,3.0,27.0,-0.43326000000000003,0,-3.194152,29.29345,POINT (29.29345 -3.194152)
261,262.0,0.0,0.0,0.0,0.0,0.0,262,940,0.0,4.0,149.0,-0.49351999999999996,0,-4.058504,29.803437,POINT (29.803437 -4.058504)
262,263.0,0.0,0.0,0.0,0.0,0.0,263,713,0.0,3.0,38.0,-0.46802,1,-3.402855,30.49444,POINT (30.49444 -3.402855)
263,264.0,0.0,0.0,0.0,0.0,0.0,264,628,9.0,3.0,49.0,-0.37834,0,-3.429556,29.728107,POINT (29.728107 -3.429556)
264,265.0,0.0,0.0,0.0,0.0,0.0,265,1120,0.0,2.0,35.0,-0.49758500000000006,0,-2.8898509999999997,29.890385,POINT (29.890385 -2.889851)
265,266.0,0.0,0.0,0.0,0.0,0.0,266,850,0.0,3.0,47.0,-0.47788500000000006,1,-3.139326,29.332116999999997,POINT (29.332117 -3.139326)
266,267.0,0.0,0.0,0.0,0.0,0.0,267,1583,0.0,5.0,34.0,-0.44643999999999995,0,-3.540549,29.626336,POINT (29.626336 -3.540549)
267,268.0,0.0,0.0,0.0,0.0,0.0,268,396,0.0,3.0,146.0,-0.38419000000000003,0,-3.197302,29.430239,POINT (29.430239 -3.197302)
268,269.0,0.0,0.0,0.0,0.0,0.0,269,414,0.0,0.0,39.0,-0.39834,0,-3.220551,29.919971999999998,POINT (29.919972 -3.220551)
269,270.0,62.0,0.0,23.23,14.0,19.151425534408663,270,14039,17.0,20.0,148.0,1.1132600000000001,0,-3.3428419999999996,29.394636,POINT (29.394636 -3.342842)
270,271.0,0.0,0.0,0.0,0.0,0.0,271,1731,0.0,4.0,49.0,-0.35001000000000004,0,-3.688314,29.756906,POINT (29.756906 -3.688314)
271,272.0,0.0,0.0,0.0,0.0,0.0,272,1046,0.0,1.0,136.0,-0.48873,0,-3.228282,30.226602000000003,POINT (30.226602 -3.228282)
272,273.0,0.0,0.0,0.0,0.0,0.0,273,1630,0.0,2.0,26.0,-0.47834499999999996,0,-2.54806,30.475303999999998,POINT (30.475304 -2.54806)
273,274.0,0.0,0.0,0.0,0.0,0.0,274,1300,0.0,5.0,46.0,-0.45443999999999996,0,-3.175601,29.383121999999997,POINT (29.383122 -3.175601)
274,275.0,0.0,0.0,0.0,0.0,0.0,275,5260,0.0,3.0,60.0,-0.28176,0,-3.005807,29.570363,POINT (29.570363 -3.005807)
275,276.0,0.0,0.0,0.0,0.0,0.0,276,575,0.0,0.0,55.0,-0.50439,0,-3.211979,29.480019,POINT (29.480019 -3.211979)
276,277.0,0.0,0.0,0.0,0.0,0.0,277,1660,2.0,10.0,47.0,-0.32136,0,-4.155292,29.541165000000003,POINT (29.541165 -4.155292)
277,278.0,0.0,0.0,0.0,0.0,0.0,278,577,0.0,4.0,54.0,-0.53384,0,-3.3036,29.552488,POINT (29.552488 -3.3036)
278,279.0,0.0,0.0,0.0,0.0,0.0,279,9360,7.0,12.0,145.0,-0.0212,0,-3.551536,29.74638,POINT (29.74638 -3.551536)
279,280.0,0.0,0.0,0.0,0.0,0.0,280,785,0.0,7.0,62.0,-0.282465,0,-2.470723,30.23245,POINT (30.23245 -2.470723)
280,281.0,6.0,0.0,0.12,0.0,0.84,281,370,0.0,3.0,81.0,-0.37011,0,-4.093941,29.738867,POINT (29.738867 -4.093941)
281,282.0,0.0,0.0,0.0,0.0,0.0,282,755,0.0,6.0,70.0,-0.329035,0,-3.512507,29.724114,POINT (29.724114 -3.512507)
282,283.0,0.0,0.0,0.0,0.0,0.0,283,770,0.0,5.0,80.0,-0.446435,0,-3.475921,29.604190999999997,POINT (29.604191 -3.475921)
283,284.0,0.0,0.0,0.0,0.0,0.0,284,5470,17.0,19.0,215.0,1.4756200000000002,1,-3.268625,29.62177,POINT (29.62177 -3.268625)
284,285.0,0.0,0.0,0.0,0.0,0.0,285,2915,0.0,5.0,52.0,-0.48238000000000003,0,-2.569426,29.985239,POINT (29.985239 -2.569426)
285,286.0,6.0,0.0,0.6,0.0,1.8000000000000003,286,9149,10.0,11.0,217.0,-0.05923,0,-3.098354,29.367788,POINT (29.367788 -3.098354)
286,287.0,0.0,0.0,0.0,0.0,0.0,287,911,0.0,2.0,31.0,-0.35732,0,-2.7571470000000002,30.273376000000003,POINT (30.273376 -2.757147)
287,288.0,7.0,0.0,0.43,0.0,1.570063692975543,288,3268,2.0,7.0,115.0,-0.10298,2,-3.088633,30.179715,POINT (30.179715 -3.088633)
288,289.0,0.0,0.0,0.0,0.0,0.0,289,606,0.0,1.0,44.0,-0.44752,1,-3.3995949999999997,29.714401000000002,POINT (29.714401 -3.399595)
289,290.0,0.0,0.0,0.0,0.0,0.0,290,1360,0.0,0.0,38.0,-0.47928999999999994,0,-3.8110239999999997,30.225734999999997,POINT (30.225735 -3.811024)
290,291.0,0.0,0.0,0.0,0.0,0.0,291,336,0.0,1.0,29.0,-0.35257,0,-3.133642,29.855275,POINT (29.855275 -3.133642)
291,292.0,0.0,0.0,0.0,0.0,0.0,292,602,0.0,1.0,58.0,-0.47017,0,-3.037041,29.314925,POINT (29.314925 -3.037041)
292,293.0,20.0,0.0,7.07,7.0,5.385638309429996,293,18959,20.0,18.0,193.0,2.1533,2,-3.431633,29.918898,POINT (29.918898 -3.431633)
293,294.0,6.0,0.0,0.24,0.0,1.1757550765359257,294,552,0.0,2.0,161.0,-0.41128000000000003,0,-3.18535,30.555719,POINT (30.555719 -3.18535)
294,295.0,17.0,0.0,3.05,0.0,4.66127664915954,295,640,0.0,2.0,33.0,-0.39819,0,-3.380232,29.918678999999997,POINT (29.918679 -3.380232)
295,296.0,0.0,0.0,0.0,0.0,0.0,296,11503,0.0,1.0,48.0,-0.43248500000000006,0,-3.6196300000000003,30.284692,POINT (30.284692 -3.61963)
296,297.0,6.0,0.0,0.42,0.0,1.530882098660769,297,1684,1.0,7.0,64.0,-0.364545,0,-2.826598,29.084160999999998,POINT (29.084161 -2.826598)
297,298.0,62.0,7.0,33.15,33.5,17.970740107185346,298,23904,24.0,24.0,317.0,3.1812150000000003,1,-3.353505,29.369184000000004,POINT (29.369184 -3.353505)
298,299.0,0.0,0.0,0.0,0.0,0.0,299,738,0.0,0.0,17.0,-0.44327,0,-3.445044,30.023784000000003,POINT (30.023784 -3.445044)
299,300.0,62.0,12.0,40.38,41.0,13.823733215018294,300,13004,12.0,17.0,199.0,1.29237,2,-3.374226,29.354809999999997,POINT (29.35481 -3.374226)
300,301.0,0.0,0.0,0.0,0.0,0.0,301,1882,0.0,2.0,62.0,-0.333005,0,-2.3929869999999998,30.419359000000004,POINT (30.419359 -2.392987)
301,302.0,12.0,0.0,1.91,0.0,3.60858698107722,302,1415,0.0,6.0,95.0,-0.4523,0,-2.904763,29.857584000000003,POINT (29.857584 -2.904763)
302,303.0,0.0,0.0,0.0,0.0,0.0,303,781,0.0,6.0,64.0,-0.41726499999999994,0,-3.3167989999999996,29.64524,POINT (29.64524 -3.316799)
303,304.0,0.0,0.0,0.0,0.0,0.0,304,646,0.0,1.0,45.0,-0.2822,1,-3.940322,29.862647999999997,POINT (29.862648 -3.940322)
304,305.0,0.0,0.0,0.0,0.0,0.0,305,239,0.0,1.0,42.0,-0.4706,1,-3.61668,29.674737,POINT (29.674737 -3.61668)
305,306.0,10.0,0.0,1.29,0.0,3.0993386391293223,306,2671,0.0,4.0,270.0,-0.34392,1,-2.914013,29.125357,POINT (29.125357 -2.914013)
306,307.0,62.0,9.0,38.63,39.0,15.307942382959245,307,5091,17.0,20.0,119.0,1.012925,0,-3.367405,29.365088,POINT (29.365088 -3.367405)
307,308.0,0.0,0.0,0.0,0.0,0.0,308,799,0.0,1.0,142.0,-0.424225,0,-2.8837740000000003,30.249559,POINT (30.249559 -2.883774)
308,309.0,0.0,0.0,0.0,0.0,0.0,309,1305,0.0,1.0,45.0,-0.325065,1,-2.782221,30.173896000000003,POINT (30.173896 -2.782221)
309,310.0,0.0,0.0,0.0,0.0,0.0,310,1447,1.0,6.0,100.0,-0.302275,0,-3.8530629999999997,29.654209,POINT (29.654209 -3.853063)
310,311.0,62.0,0.0,26.77,21.5,18.007695577169223,311,21916,23.0,23.0,328.0,4.85985,1,-3.415225,29.356699,POINT (29.356699 -3.415225)
311,312.0,7.0,0.0,0.43,0.0,1.570063692975543,312,3221,6.0,13.0,173.0,0.05849,0,-3.3554980000000003,29.472655,POINT (29.472655 -3.355498)
312,313.0,58.0,0.0,18.14,12.0,15.723879928312861,313,15010,17.0,16.0,182.0,2.3959900000000003,2,-3.435028,29.356676,POINT (29.356676 -3.435028)
313,314.0,0.0,0.0,0.0,0.0,0.0,314,576,0.0,1.0,228.0,-0.3955,0,-4.103199,30.094312,POINT (30.094312 -4.103199)
314,315.0,0.0,0.0,0.0,0.0,0.0,315,1040,0.0,4.0,55.0,-0.43215,1,-3.07435,29.696478999999997,POINT (29.696479 -3.07435)
315,316.0,0.0,0.0,0.0,0.0,0.0,316,577,0.0,4.0,37.0,-0.37109000000000003,0,-3.818622,30.112263000000002,POINT (30.112263 -3.818622)
316,317.0,6.0,0.0,0.06,0.0,0.596992462263972,317,658,0.0,5.0,162.0,-0.34307,0,-3.114583,30.088933,POINT (30.088933 -3.114583)
317,318.0,0.0,0.0,0.0,0.0,0.0,318,730,0.0,2.0,44.0,-0.30030500000000004,2,-3.8124949999999997,30.143508,POINT (30.143508 -3.812495)
318,319.0,7.0,0.0,0.25,0.0,1.2278029157808674,319,724,0.0,1.0,34.0,-0.45541499999999996,1,-3.93526,30.034798,POINT (30.034798 -3.93526)
319,320.0,0.0,0.0,0.0,0.0,0.0,320,710,0.0,4.0,50.0,-0.35817,3,-3.4703449999999996,29.793303,POINT (29.793303 -3.470345)
320,321.0,0.0,0.0,0.0,0.0,0.0,321,1776,18.0,1.0,10.0,-0.53457,0,-3.0733479999999997,29.605907000000002,POINT (29.605907 -3.073348)
321,322.0,0.0,0.0,0.0,0.0,0.0,322,752,0.0,6.0,53.0,-0.35666,0,-3.57545,29.494244000000002,POINT (29.494244 -3.57545)
322,323.0,0.0,0.0,0.0,0.0,0.0,323,534,0.0,2.0,47.0,-0.335525,0,-3.8205730000000004,29.518613000000002,POINT (29.518613 -3.820573)
323,324.0,0.0,0.0,0.0,0.0,0.0,324,1600,0.0,1.0,46.0,-0.47718999999999995,0,-3.548368,29.362028000000002,POINT (29.362028 -3.548368)
324,325.0,62.0,0.0,23.23,14.0,19.151425534408663,325,4251,1.0,12.0,107.0,0.526935,8,-3.3429510000000002,29.394907,POINT (29.394907 -3.342951)
325,326.0,0.0,0.0,0.0,0.0,0.0,326,1480,0.0,3.0,37.0,-0.47608999999999996,0,-3.1410240000000003,29.312367,POINT (29.312367 -3.141024)
326,327.0,62.0,6.0,29.43,25.0,18.57646629475046,327,14988,17.0,16.0,132.0,1.8780849999999998,0,-3.3408029999999997,29.366887,POINT (29.366887 -3.340803)
327,328.0,25.0,0.0,6.23,7.0,5.527847682416728,328,487,0.0,8.0,155.0,-0.35661,2,-3.353794,29.276457,POINT (29.276457 -3.353794)
328,329.0,0.0,0.0,0.0,0.0,0.0,329,514,0.0,0.0,31.0,-0.5433600000000001,0,-3.0321119999999997,29.866534,POINT (29.866534 -3.032112)
329,330.0,0.0,0.0,0.0,0.0,0.0,330,3176,1.0,8.0,66.0,-0.120825,0,-4.084992,29.52099,POINT (29.52099 -4.084992)
330,331.0,0.0,0.0,0.0,0.0,0.0,331,757,0.0,3.0,141.0,-0.40936,0,-3.145874,29.479995000000002,POINT (29.479995 -3.145874)
331,332.0,0.0,0.0,0.0,0.0,0.0,332,3305,0.0,1.0,27.0,-0.38534,0,-2.734855,29.282839000000003,POINT (29.282839 -2.734855)
332,333.0,0.0,0.0,0.0,0.0,0.0,333,580,0.0,5.0,55.0,-0.375985,0,-4.148736,29.67582,POINT (29.67582 -4.148736)
333,334.0,0.0,0.0,0.0,0.0,0.0,334,1180,0.0,0.0,25.0,-0.477505,0,-2.839239,29.719195000000003,POINT (29.719195 -2.839239)
334,335.0,0.0,0.0,0.0,0.0,0.0,335,2494,2.0,2.0,62.0,-0.4524,0,-3.0931330000000004,29.696834000000003,POINT (29.696834 -3.093133)
335,336.0,0.0,0.0,0.0,0.0,0.0,336,778,0.0,0.0,17.0,-0.44783,0,-3.026779,30.288075,POINT (30.288075 -3.026779)
336,337.0,62.0,12.0,39.14,39.0,14.754673835771499,337,20926,22.0,16.0,147.0,1.836175,1,-3.368928,29.359568,POINT (29.359568 -3.368928)
337,338.0,0.0,0.0,0.0,0.0,0.0,338,1200,0.0,2.0,47.0,-0.409395,0,-2.990226,29.249084000000003,POINT (29.249084 -2.990226)
338,339.0,0.0,0.0,0.0,0.0,0.0,339,1000,0.0,3.0,122.0,-0.41573999999999994,0,-2.9605479999999997,30.217321999999996,POINT (30.217322 -2.960548)
339,340.0,6.0,0.0,0.06,0.0,0.5969924622639718,340,1830,0.0,4.0,57.0,-0.31146999999999997,0,-2.892161,30.38924,POINT (30.38924 -2.892161)
340,341.0,8.0,0.0,1.18,0.0,2.5352711886502393,341,1506,0.0,4.0,43.0,-0.39936,0,-2.908316,29.624667,POINT (29.624667 -2.908316)
341,342.0,62.0,0.0,29.98,25.5,19.730169791464036,342,6204,8.0,16.0,117.0,0.5718,0,-3.3675300000000004,29.388546,POINT (29.388546 -3.36753)
342,343.0,9.0,0.0,0.91,0.0,2.3878651553217987,343,688,0.0,1.0,71.0,-0.41183,0,-3.36809,29.928983000000002,POINT (29.928983 -3.36809)
343,344.0,0.0,0.0,0.0,0.0,0.0,344,3000,0.0,0.0,31.0,-0.49294,0,-2.49117,30.045381,POINT (30.045381 -2.49117)
344,345.0,0.0,0.0,0.0,0.0,0.0,345,574,0.0,3.0,44.0,-0.416825,0,-3.7322010000000003,29.387093,POINT (29.387093 -3.732201)
345,346.0,62.0,10.0,39.9,41.0,14.398263784220651,346,19958,21.0,23.0,215.0,2.21067,0,-3.376154,29.364293,POINT (29.364293 -3.376154)
346,347.0,0.0,0.0,0.0,0.0,0.0,347,619,0.0,3.0,138.0,-0.42023999999999995,0,-2.666848,29.154965,POINT (29.154965 -2.666848)
347,348.0,0.0,0.0,0.0,0.0,0.0,348,975,0.0,6.0,55.0,-0.35872,0,-3.473032,29.650856,POINT (29.650856 -3.473032)
348,349.0,0.0,0.0,0.0,0.0,0.0,349,1363,0.0,5.0,50.0,-0.32255,0,-3.056597,29.288125,POINT (29.288125 -3.056597)
349,350.0,0.0,0.0,0.0,0.0,0.0,350,388,0.0,0.0,53.0,-0.442385,0,-3.250223,29.901390999999997,POINT (29.901391 -3.250223)
350,351.0,0.0,0.0,0.0,0.0,0.0,351,867,0.0,5.0,157.0,-0.30848000000000003,0,-4.289321,29.851256,POINT (29.851256 -4.289321)
351,352.0,0.0,0.0,0.0,0.0,0.0,352,1500,9.0,0.0,31.0,-0.53687,0,-2.6981580000000003,30.193564000000002,POINT (30.193564 -2.698158)
352,353.0,0.0,0.0,0.0,0.0,0.0,353,761,0.0,0.0,30.0,-0.418125,0,-3.909764,30.202428,POINT (30.202428 -3.909764)
353,354.0,0.0,0.0,0.0,0.0,0.0,354,978,0.0,0.0,38.0,-0.42476,0,-3.103628,29.869776,POINT (29.869776 -3.103628)
354,355.0,0.0,0.0,0.0,0.0,0.0,355,840,0.0,0.0,139.0,-0.40908,0,-4.173411,30.022378000000003,POINT (30.022378 -4.173411)
355,356.0,12.0,0.0,3.5,0.0,4.27668095606862,356,653,0.0,13.0,59.0,-0.158665,3,-2.914653,29.836159999999996,POINT (29.83616 -2.914653)
356,357.0,0.0,0.0,0.0,0.0,0.0,357,4549,4.0,11.0,126.0,-0.18897,1,-4.117791,29.943790999999997,POINT (29.943791 -4.117791)
357,358.0,0.0,0.0,0.0,0.0,0.0,358,10581,0.0,0.0,29.0,-0.44948,0,-3.5455400000000004,30.094751000000002,POINT (30.094751 -3.54554)
358,359.0,0.0,0.0,0.0,0.0,0.0,359,990,0.0,5.0,56.0,-0.434975,0,-3.378051,29.79107,POINT (29.79107 -3.378051)
359,360.0,0.0,0.0,0.0,0.0,0.0,360,970,0.0,0.0,41.0,-0.5056849999999999,0,-3.819199,29.930608000000003,POINT (29.930608 -3.819199)
360,361.0,0.0,0.0,0.0,0.0,0.0,361,1906,0.0,0.0,31.0,-0.41728000000000004,0,-3.5338160000000003,29.844154999999997,POINT (29.844155 -3.533816)
361,362.0,0.0,0.0,0.0,0.0,0.0,362,1704,0.0,2.0,85.0,-0.381485,0,-4.2151,29.592543,POINT (29.592543 -4.2151)
362,363.0,0.0,0.0,0.0,0.0,0.0,363,543,0.0,3.0,76.0,-0.399325,0,-3.449497,30.582297999999998,POINT (30.582298 -3.449497)
363,364.0,0.0,0.0,0.0,0.0,0.0,364,460,0.0,0.0,103.0,-0.41431999999999997,0,-3.7418769999999997,29.599961999999998,POINT (29.599962 -3.741877)
364,365.0,0.0,0.0,0.0,0.0,0.0,365,16174,0.0,0.0,243.0,-0.40317,0,-3.6557239999999998,30.26592,POINT (30.26592 -3.655724)
365,366.0,0.0,0.0,0.0,0.0,0.0,366,2513,0.0,5.0,89.0,-0.28024,0,-4.089573000000001,29.872869,POINT (29.872869 -4.089573000000001)
366,367.0,62.0,7.0,33.15,33.5,17.970740107185346,367,21927,22.0,24.0,347.0,3.4937050000000003,4,-3.3495980000000003,29.367542999999998,POINT (29.367543 -3.349598)
367,368.0,0.0,0.0,0.0,0.0,0.0,368,543,1.0,0.0,32.0,-0.39116,0,-3.5053370000000004,30.172029,POINT (30.172029 -3.505337)
368,369.0,0.0,0.0,0.0,0.0,0.0,369,475,0.0,3.0,59.0,-0.31353000000000003,0,-3.202715,29.468607000000002,POINT (29.468607 -3.202715)
369,370.0,0.0,0.0,0.0,0.0,0.0,370,1789,0.0,5.0,34.0,-0.43941,2,-3.180821,29.373339,POINT (29.373339 -3.180821)
370,371.0,0.0,0.0,0.0,0.0,0.0,371,1549,0.0,0.0,77.0,-0.40765,0,-3.2092259999999997,30.742007,POINT (30.742007 -3.209226)
371,372.0,0.0,0.0,0.0,0.0,0.0,372,700,0.0,1.0,31.0,-0.53546,0,-2.701994,29.963928999999997,POINT (29.963929 -2.701994)
372,373.0,0.0,0.0,0.0,0.0,0.0,373,490,0.0,2.0,40.0,-0.47655,0,-3.3384660000000004,30.614601,POINT (30.614601 -3.338466)
373,374.0,0.0,0.0,0.0,0.0,0.0,374,830,0.0,1.0,49.0,-0.420865,0,-3.582035,29.945715000000003,POINT (29.945715 -3.582035)
374,375.0,0.0,0.0,0.0,0.0,0.0,375,607,0.0,1.0,45.0,-0.43441,1,-3.419263,29.492293,POINT (29.492293 -3.419263)
375,376.0,0.0,0.0,0.0,0.0,0.0,376,1516,0.0,3.0,50.0,-0.49486,0,-3.00208,30.787499,POINT (30.787499 -3.00208)
